name,surname,email
simone,gaiera,simone.gaiera@mongodb.com
scott,capista,scott.capista@mongodb.com
robbert,kauffman,robbert.kauffman@mongodb.com
chris,chapman,chris.chapman@mongodb.com
brady,byrd,brady.byrd@mongodb.com
shawn,chai,shawn.chai@mongodb.com
valmik,mehta,valmik.mehta@mongodb.com
zuzana,matevossian,zuzana.matevossian@mongodb.com